{"Name":"Belle","Age":"27","Tagline":"With this rose","PhotoSprite":{"instanceID":9932},"PhotoPath":"belle","PhotoSize":{"x":205.0,"y":246.0},"PhotoScale":{"x":4.633817672729492,"y":4.439283847808838,"z":0.3890695869922638},"PhotoAnchor":{"x":0.0,"y":-136.41000366210938},"PhotoPosition":{"x":0.0,"y":-0.3743721842765808,"z":90.31999969482422}}