{"Name":"Jasmine","Age":"29","Tagline":"I love you","PhotoSprite":{"instanceID":9948},"PhotoPath":"181910097abcaa674aa706a9c3404970","PhotoSize":{"x":400.0,"y":547.0},"PhotoScale":{"x":2.6062214374542238,"y":2.4968087673187258,"z":0.21882636845111848},"PhotoAnchor":{"x":-83.0,"y":-127.0},"PhotoPosition":{"x":-0.4460892677307129,"y":-0.32379743456840517,"z":90.31999969482422}}