{"Name":"Samus","Age":"24\n","Tagline":"I'm samus, lol","PhotoSprite":{"instanceID":10054},"PhotoPath":"Zero_Suit_Samus_alt_Brawl","PhotoSize":{"x":300.0,"y":282.0},"PhotoScale":{"x":4.394765853881836,"y":4.210267543792725,"z":0.36899805068969729},"PhotoAnchor":{"x":-25.0,"y":-139.0},"PhotoPosition":{"x":-0.13436424732208253,"y":-0.3882923722267151,"z":90.31999969482422}}