{"Name":"Samus","Age":"24\n","Tagline":"I am samus lol","Photo":{"instanceID":10054},"PhotoSize":{"x":116.87999725341797,"y":100.0},"PhotoScale":{"x":11.90999984741211,"y":11.40999984741211,"z":1.0},"PhotoAnchor":{"x":0.0,"y":-136.41000366210938},"PhotoPosition":{"x":0.0,"y":-0.3743721842765808,"z":90.31999969482422}}